[
    {
        "price": "70",
        "servicetype": "Normal",
        "service": "Dry Cleaning",
        "subservice": "Gentlemen",
        "garment": "Shirt"
    },
    {
        "price": "60",
        "servicetype": "Normal",
        "service": "Premium Wash",
        "subservice": "Kids",
        "garment": "Trouser/Pant"
    },
    {
        "price": "50",
        "servicetype": "Normal",
        "service": "Steam Iron",
        "subservice": "Ladies",
        "garment": "Shorts"
    }
]