[
    {
        "": "",
        "first_Name": "yash",
        "email": "yash.shah@encureit.com",
        "mobile": "9673067099",
        "home": "A503;Kohinoor Grandeur;Kiwale Chowk;411042",
        "dob": "25_06_1996",
        "gender": "male",
        "Area Location": "Aundh",
        "whatsup": "9673067099"
    },
    {
        "": "",
        "first_Name": "shah",
        "email": "yash@encureit.com",
        "mobile": "9999999999",
        "home": "22;bbbbb;ddd;411042",
        "dob": "30_12_1996",
        "gender": "male",
        "Area Location": "Aundh",
        "whatsup": "9999999999"
    }
]